Wavelength,Absorbance,Types
232,1.498,Transformer Oil
204.545,2.089,Transformer Oil
238.5,0.668,Transformer Oil
270.588,0.539,Peppermint Oil
261.021,0.037,Flaxseed Oil
268.021,0.045,Flaxseed Oil
518.982,0.818,Olive Oil
368.572,0.126,Dershani Oil
231.302,0.074,Flaxseed Oil
212.061,2.748,Transformer Oil
301.182,0.027,Sesame Oil
464.208,0.069,Dershani Oil
254.058,1.346,Olive Oil
299.518,0.03,Sesame Oil
331.224,3.451,Sunflower Oil
370.81,0.136,Cannabis Oil
315.789,0.114,Refined Oil
243.351,0.048,Flaxseed Oil
238.158,0.211,Crude Oil
312.197,0.016,Sesame Oil
393.035,0.115,Orange Oil
259.477,1.223,Peppermint Oil
270.143,0.079,Sesame Oil
243.322,0.091,Sesame Oil
206.326,0.789,Sunflower Oil
377.843,0.101,Coconut Oil
800.413,0.438,Olive Oil
330.614,0.009,Sesame Oil
752.412,9.28E-04,Refined Oil
297.545,0.087,Paraffin Oil
374.303,0.005,Sesame Oil
361.348,2.106,Olive Oil
211.394,2.693,Transformer Oil
423.026,0.478,Refined Oil
423.275,0.081,Dershani Oil
379.811,0.005,Sesame Oil
721.272,9.28E-04,Refined Oil
258.985,0.067,Sesame Oil
449.696,0.065,Sunflower Oil
469.079,0.596,Crude Oil
271.52,0.078,Sesame Oil
290,0.45,Cannabis Oil
272.553,0.077,Sesame Oil
306.899,0.993,Orange Oil
303.305,0.024,Sesame Oil
800.413,0.433,Sunflower Oil
206.061,2.257,Transformer Oil
500.658,0.361,Crude Oil
283.091,0.307,Transformer Oil
363.436,0.137,Cannabis Oil
319.532,3.411,Canola Oil
328.262,0.01,Sesame Oil
357.634,2.654,Sunflower Oil
286.614,0.25,Transformer Oil
325.852,0.01,Sesame Oil
231.939,1.548,Transformer Oil
331.276,0.832,Orange Oil
380.47,9.96E-04,Flaxseed Oil
267.045,0.507,Transformer Oil
263.087,0.068,Sesame Oil
489.474,0.582,Refined Oil
223.155,0.119,Flaxseed Oil
368.25,0.081,Paraffin Oil
340.826,0.002,Flaxseed Oil
482.669,2.359,Olive Oil
272.61,0.048,Flaxseed Oil
562.5,0.008,Refined Oil
240.052,0.101,Sesame Oil
229.466,0.08,Flaxseed Oil
385.577,0.005,Sesame Oil
296.453,0.364,Raspberry Oil
242.636,0.433,Transformer Oil
289.019,0.053,Sesame Oil
353.735,0.006,Sesame Oil
211.273,2.656,Transformer Oil
270.332,0.228,Sunflower Oil
237.986,0.106,Sesame Oil
226.942,0.089,Flaxseed Oil
372.549,0.32,Peppermint Oil
200.545,1.674,Transformer Oil
240.273,0.526,Transformer Oil
281.618,0.074,Sesame Oil
308.985,0.019,Flaxseed Oil
220.22,2.137,Olive Oil
230.97,1.707,Transformer Oil
305.939,0.076,Transformer Oil
307.263,0.019,Sesame Oil
349.794,1.937,Canola Oil
235.526,0.271,Refined Oil
344.795,0.508,Orange Oil
469.079,0.682,Refined Oil
415.132,0.394,Refined Oil
212.5,0.233,Refined Oil
229.03,2.019,Transformer Oil
201.273,1.75,Transformer Oil
477.124,0.28,Peppermint Oil
237.273,0.754,Transformer Oil
549.794,0.442,Canola Oil
299.848,0.108,Transformer Oil
280.818,0.364,Transformer Oil
339.89,2.158,Olive Oil
233.409,1.3,Transformer Oil
604.402,0.433,Sunflower Oil
274.227,0.461,Transformer Oil
370.373,0.001,Flaxseed Oil
359.889,0.183,Dershani Oil
233.333,1.7,Peppermint Oil
376.316,0.149,Crude Oil
292.435,3.367,Sunflower Oil
280.007,0.516,Dershani Oil
256.403,0.064,Sesame Oil
210.667,2.62,Transformer Oil
226.848,2.381,Transformer Oil
612.242,0.649,Olive Oil
248.858,0.039,Flaxseed Oil
222.788,2.781,Transformer Oil
667.125,0.438,Sunflower Oil
217.647,1.055,Peppermint Oil
279.455,0.393,Transformer Oil
408.769,0.004,Sesame Oil
394.572,0.181,Carrot seed Oil
290.08,0.133,Coconut Oil
399.744,0.123,Raspberry Oil
354.218,0.104,Coconut Oil
207.07,0.661,Sunflower Oil
321.437,0.794,Dershani Oil
292.157,0.384,Peppermint Oil
302.035,0.121,Coconut Oil
392.117,0.005,Sesame Oil
282.118,2.018,Canola Oil
235.352,0.929,Dershani Oil
391.472,1.098,Sunflower Oil
538.514,0.442,Canola Oil
499.673,0.286,Peppermint Oil
200,1.103,Sunflower Oil
538.816,0.015,Crude Oil
305.972,0.021,Sesame Oil
522.558,0.442,Canola Oil
534.868,0.033,Refined Oil
232.679,0.071,Flaxseed Oil
396.159,0.122,Raspberry Oil
217.03,2.856,Transformer Oil
241.515,0.052,Flaxseed Oil
405.041,0.079,Sunflower Oil
249.091,0.392,Transformer Oil
389.966,7.79E-04,Flaxseed Oil
229.811,0.118,Sesame Oil
207.758,2.383,Transformer Oil
317.59,0.01,Flaxseed Oil
271.773,0.476,Transformer Oil
254.596,0.062,Sesame Oil
336.184,0.163,Refined Oil
410.878,0.004,Sesame Oil
266.586,0.073,Sesame Oil
361.947,0.103,Coconut Oil
537.139,0.691,Olive Oil
345.749,0.345,Dershani Oil
449.02,0.282,Peppermint Oil
711.299,0.055,Dershani Oil
264.578,0.041,Flaxseed Oil
229.007,0.082,Flaxseed Oil
285.42,2.623,Olive Oil
219.879,2.856,Transformer Oil
568.501,0.522,Olive Oil
612.655,0.438,Canola Oil
343.268,0.081,Sunflower Oil
748.884,0.051,Sunflower Oil
338.308,0.083,Paraffin Oil
308.812,0.018,Sesame Oil
580.88,0.438,Sunflower Oil
396.313,0.136,Cannabis Oil
595.323,0.443,Canola Oil
482.669,0.48,Sunflower Oil
224.606,2.694,Transformer Oil
278.817,1.462,Olive Oil
399.59,0.079,Paraffin Oil
599.342,0.005,Refined Oil
238.933,0.104,Sesame Oil
538.377,0.443,Sunflower Oil
309.371,0.118,Coconut Oil
389.86,0.081,Paraffin Oil
524.342,0.077,Refined Oil
345.615,0.107,Coconut Oil
580.055,0.443,Canola Oil
554.031,0.292,Peppermint Oil
211.765,0.968,Peppermint Oil
404.423,0.004,Sesame Oil
543.099,0.063,Dershani Oil
393.65,0.099,Coconut Oil
509.98,0.057,Sunflower Oil
316.864,0.017,Transformer Oil
421.32,0.586,Canola Oil
358.322,1.55,Canola Oil
372.294,0.081,Sunflower Oil
575,0,Crude Oil
240.562,0.671,Dershani Oil
282,0.333,Transformer Oil
223.729,0.109,Flaxseed Oil
244.429,0.952,Canola Oil
230.263,0.287,Crude Oil
296.145,0.854,Orange Oil
750,0.05,Dershani Oil
419.079,0.437,Refined Oil
303,0.088,Transformer Oil
369.069,0.211,Orange Oil
421.596,3.045,Olive Oil
356.747,0.006,Sesame Oil
407.565,0.653,Canola Oil
339.674,0.625,Orange Oil
267.16,0.075,Sesame Oil
702.201,0.433,Canola Oil
398.259,0.111,Orange Oil
335.329,0.561,Dershani Oil
245.559,0.084,Sesame Oil
208.224,0.252,Refined Oil
375.624,0.081,Paraffin Oil
327.281,0.908,Orange Oil
679.092,1.166,Olive Oil
209.03,2.544,Transformer Oil
328.101,0.214,Raspberry Oil
262.513,0.038,Flaxseed Oil
492.572,2.106,Olive Oil
276.5,0.426,Transformer Oil
230.155,0.078,Flaxseed Oil
257.608,0.065,Sesame Oil
294.396,0.531,Dershani Oil
503.289,0.385,Refined Oil
264.374,1.23,Sunflower Oil
433.987,0.28,Peppermint Oil
335.294,0.368,Peppermint Oil
517.763,0.107,Crude Oil
456.259,2.707,Olive Oil
391.141,0.135,Cannabis Oil
237.585,0.76,Dershani Oil
242.461,0.094,Sesame Oil
783.906,0.433,Canola Oil
405.921,0.322,Refined Oil
216.919,2.496,Olive Oil
440.132,0.6,Refined Oil
270.273,0.488,Transformer Oil
221.053,0.329,Refined Oil
686.52,0.422,Canola Oil
306.8,0.1,Sunflower Oil
400,0.279,Refined Oil
210.526,0.199,Refined Oil
307.237,0.133,Crude Oil
511.184,0.24,Refined Oil
372.077,1.715,Sunflower Oil
316.629,0.279,Raspberry Oil
225.172,1.715,Olive Oil
338.876,0.008,Sesame Oil
336.842,0.141,Crude Oil
684.044,0.734,Olive Oil
288.101,0.056,Sesame Oil
396.053,0.242,Refined Oil
363.549,1.363,Canola Oil
506.052,0.449,Canola Oil
283.769,2.208,Canola Oil
356.948,9.96E-04,Flaxseed Oil
239.869,1.827,Peppermint Oil
524.837,0.295,Peppermint Oil
402.014,0.004,Sesame Oil
710.867,0.433,Sunflower Oil
493.421,0.549,Refined Oil
203.03,1.959,Transformer Oil
347.539,0.007,Sesame Oil
291.588,0.267,Carrot seed Oil
315.182,0.017,Transformer Oil
252.645,0.033,Flaxseed Oil
390.132,0.209,Refined Oil
268.308,0.077,Sesame Oil
252.616,0.064,Sesame Oil
289.546,3.143,Canola Oil
213.515,2.704,Transformer Oil
400.034,6.49E-04,Flaxseed Oil
281.293,1.768,Olive Oil
440.578,2.443,Olive Oil
285.42,2.426,Canola Oil
411.184,0.357,Refined Oil
202.848,1.917,Transformer Oil
406.145,7.79E-04,Flaxseed Oil
314.205,0.015,Sesame Oil
224.991,0.099,Flaxseed Oil
223.444,0.43,Sunflower Oil
287.895,3.024,Olive Oil
261.438,1.077,Peppermint Oil
459.211,0.715,Refined Oil
260.792,0.068,Sesame Oil
252,0.429,Transformer Oil
301.881,0.349,Raspberry Oil
263.455,0.483,Transformer Oil
275.791,1.099,Canola Oil
235.364,0.986,Transformer Oil
293.948,3.372,Canola Oil
232.106,0.072,Flaxseed Oil
273.182,0.472,Transformer Oil
241.455,0.475,Transformer Oil
244.441,0.088,Sesame Oil
377.058,0.118,Raspberry Oil
217.744,2.359,Olive Oil
599.346,0.292,Peppermint Oil
251.136,0.393,Transformer Oil
339.299,0.481,Dershani Oil
310.689,0.282,Raspberry Oil
353.757,0.126,Raspberry Oil
290,0.092,Paraffin Oil
366.447,0.156,Refined Oil
293.431,0.228,Carrot seed Oil
577.56,0.286,Peppermint Oil
296.19,0.036,Sesame Oil
301.928,0.025,Sesame Oil
303.989,3.53,Sunflower Oil
231.515,1.589,Transformer Oil
290,0.797,Orange Oil
206.848,2.343,Transformer Oil
564.924,0.442,Canola Oil
718.294,0.433,Canola Oil
280.743,1.659,Canola Oil
320.521,1.008,Orange Oil
376.034,0.17,Orange Oil
551.169,0.522,Olive Oil
266.013,0.072,Sesame Oil
339.091,0,Transformer Oil
293.953,0.041,Sesame Oil
286.795,2.63,Canola Oil
238.377,1.346,Olive Oil
353.095,1.736,Canola Oil
290,0.428,Raspberry Oil
230.929,0.116,Sesame Oil
232.325,0.983,Canola Oil
305.37,0.025,Flaxseed Oil
343.02,0.398,Dershani Oil
230,1.922,Transformer Oil
204.121,2.05,Transformer Oil
253.232,1.108,Sunflower Oil
751.719,0.433,Canola Oil
395.99,7.14E-04,Flaxseed Oil
232.409,1.45,Transformer Oil
289.248,0.044,Flaxseed Oil
262.045,0.485,Transformer Oil
231.152,1.652,Transformer Oil
241.447,0.178,Crude Oil
343.566,0.14,Raspberry Oil
264.512,1.194,Canola Oil
247.727,0.381,Transformer Oil
200,0.19,Crude Oil
334.663,3.136,Canola Oil
258.824,1.323,Peppermint Oil
336.864,2.943,Canola Oil
627.098,0.443,Sunflower Oil
228.606,0.12,Sesame Oil
228.105,1.505,Peppermint Oil
225.939,2.531,Transformer Oil
228.204,0.084,Flaxseed Oil
236.864,0.81,Transformer Oil
278.692,0.074,Sesame Oil
200.138,0.807,Canola Oil
221.053,0.294,Refined Oil
214.727,2.787,Transformer Oil
258.424,0.263,Sunflower Oil
239.334,0.057,Flaxseed Oil
243.924,0.047,Flaxseed Oil
226.368,0.091,Flaxseed Oil
370.332,0.102,Coconut Oil
328.135,0.715,Dershani Oil
225.658,0.364,Refined Oil
459.868,0.631,Crude Oil
224.061,2.744,Transformer Oil
246.678,0.042,Flaxseed Oil
251.725,0.529,Dershani Oil
228.727,2.106,Transformer Oil
444.079,0.55,Crude Oil
307.439,0.065,Transformer Oil
568.501,0.438,Sunflower Oil
203.515,2.004,Transformer Oil
288.182,0.226,Transformer Oil
288.955,0.214,Transformer Oil
224.342,0.289,Crude Oil
395.596,0.081,Paraffin Oil
465.686,0.275,Peppermint Oil
506.579,0.337,Refined Oil
279.725,0.05,Flaxseed Oil
319.497,0.081,Paraffin Oil
363.845,0.118,Raspberry Oil
292.834,0.372,Cannabis Oil
236.236,0.064,Flaxseed Oil
446.053,0.642,Refined Oil
377.024,0.138,Carrot seed Oil
515.132,0.191,Refined Oil
413.029,6.49E-04,Flaxseed Oil
292.806,0.044,Sesame Oil
358.52,0.082,Paraffin Oil
293.379,0.042,Sesame Oil
205.576,2.206,Transformer Oil
382.588,0.081,Paraffin Oil
285.347,0.065,Sesame Oil
281.706,1.852,Sunflower Oil
327.057,0.004,Flaxseed Oil
206.182,2.294,Transformer Oil
274.446,0.074,Sesame Oil
227.516,0.087,Flaxseed Oil
329.364,0,Transformer Oil
386.842,0.166,Crude Oil
265.789,0.168,Crude Oil
389.019,0.005,Sesame Oil
366.472,0.001,Flaxseed Oil
233.483,0.069,Flaxseed Oil
506.631,0.063,Dershani Oil
325.13,0.111,Coconut Oil
227.455,2.276,Transformer Oil
313.48,3.003,Olive Oil
284.606,0.28,Transformer Oil
300.894,0.109,Transformer Oil
305.258,0.076,Transformer Oil
783.906,0.438,Sunflower Oil
572.497,0.064,Dershani Oil
456.671,0.528,Sunflower Oil
365.475,2.063,Sunflower Oil
251.153,0.035,Flaxseed Oil
501.316,0.434,Refined Oil
204.848,2.126,Transformer Oil
278.518,0.156,Sunflower Oil
498.684,0.471,Refined Oil
708.553,-0.003,Crude Oil
487.908,0.27,Peppermint Oil
294.699,0.039,Sesame Oil
800,0.433,Canola Oil
227.939,2.187,Transformer Oil
265.364,0.506,Transformer Oil
295.33,0.038,Sesame Oil
475.658,0.559,Crude Oil
379.926,0.133,Cannabis Oil
268.955,0.507,Transformer Oil
268.881,0.078,Sesame Oil
423.684,0.424,Crude Oil
473.684,0.651,Refined Oil
413.343,0.834,Sunflower Oil
285.42,2.485,Sunflower Oil
234.045,1.199,Transformer Oil
324.131,0.006,Flaxseed Oil
264.349,0.068,Sesame Oil
694.773,0.438,Sunflower Oil
568.031,0.057,Sunflower Oil
237.255,1.759,Peppermint Oil
220.915,1.25,Peppermint Oil
238.955,0.622,Transformer Oil
594.498,0.443,Sunflower Oil
221.091,2.815,Transformer Oil
670.737,0.059,Dershani Oil
216.118,0.243,Refined Oil
337.728,0.15,Cannabis Oil
309.354,3.319,Olive Oil
344.292,2.331,Canola Oil
427.373,0.702,Sunflower Oil
435.351,0.536,Canola Oil
343.006,0.007,Sesame Oil
345.186,0.007,Sesame Oil
362.685,0.006,Sesame Oil
604.605,-0.003,Crude Oil
200.329,0.247,Refined Oil
409.759,7.79E-04,Flaxseed Oil
406.579,0.289,Crude Oil
232.478,0.113,Sesame Oil
364.474,0.135,Crude Oil
328.749,0.081,Paraffin Oil
312.225,0.084,Paraffin Oil
348.277,0.084,Paraffin Oil
216.447,0.206,Crude Oil
290.795,0.188,Transformer Oil
450.481,0.508,Canola Oil
254.902,1.518,Peppermint Oil
213.939,2.748,Transformer Oil
415.132,0.349,Crude Oil
328.947,0.135,Refined Oil
340.237,0.12,Carrot seed Oil
283.052,0.072,Sesame Oil
289.949,0.312,Carrot seed Oil
258.545,0.469,Transformer Oil
331.818,0,Transformer Oil
223.5,0.112,Flaxseed Oil
244.455,0.4,Transformer Oil
306.348,0.064,Transformer Oil
302.303,0.09,Transformer Oil
232.909,1.343,Transformer Oil
278.136,0.414,Transformer Oil
515.132,0.148,Crude Oil
539.216,0.289,Peppermint Oil
275.479,0.049,Flaxseed Oil
280.184,0.075,Sesame Oil
367.538,1.931,Sunflower Oil
296.965,0.191,Carrot seed Oil
675.203,0.053,Sunflower Oil
350.94,0.398,Orange Oil
223.041,0.12,Flaxseed Oil
224.837,1.414,Peppermint Oil
303.879,0.088,Transformer Oil
253.595,1.605,Peppermint Oil
349.891,0.007,Sesame Oil
369.876,1.187,Canola Oil
206.536,1.041,Peppermint Oil
756.671,0.438,Olive Oil
218.301,1.159,Peppermint Oil
287.07,2.776,Sunflower Oil
309.15,0.389,Peppermint Oil
255.447,0.587,Dershani Oil
229.333,1.967,Transformer Oil
200.413,1.873,Olive Oil
402.632,0.261,Crude Oil
284.257,0.069,Sesame Oil
257.455,0.453,Transformer Oil
296.091,0.136,Transformer Oil
480.921,0.62,Refined Oil
223.385,0.114,Flaxseed Oil
348.841,0.131,Raspberry Oil
221.045,1.113,Canola Oil
629.432,0.062,Dershani Oil
315.132,0.105,Crude Oil
566.231,0.292,Peppermint Oil
302.201,3.502,Canola Oil
374.14,1.609,Sunflower Oil
241.447,0.226,Refined Oil
208.545,2.435,Transformer Oil
205.152,2.185,Transformer Oil
505.921,0.279,Crude Oil
216.094,1.24,Sunflower Oil
224.532,0.102,Flaxseed Oil
648.143,0.433,Canola Oil
523.026,0.059,Crude Oil
346.905,3.266,Sunflower Oil
247.711,0.077,Sesame Oil
779.167,9.28E-04,Refined Oil
519.737,0.135,Refined Oil
283.769,2.185,Sunflower Oil
251.411,0.066,Sesame Oil
235.045,1.1,Transformer Oil
316.386,0.014,Sesame Oil
254.596,0.032,Flaxseed Oil
377.854,2.348,Olive Oil
223.844,0.107,Flaxseed Oil
355.571,2.792,Sunflower Oil
248.684,0.191,Refined Oil
289.795,0.201,Transformer Oil
331.637,2.422,Olive Oil
225.909,0.093,Flaxseed Oil
304.596,0.022,Sesame Oil
213.769,0.508,Sunflower Oil
234.868,0.247,Crude Oil
280.193,1.472,Canola Oil
294.737,0.195,Crude Oil
328.947,0.12,Crude Oil
292.117,0.045,Sesame Oil
509.078,0.459,Sunflower Oil
335.089,0.009,Sesame Oil
310.476,0.017,Sesame Oil
313.893,3.472,Sunflower Oil
390.523,0.314,Peppermint Oil
378.267,1.446,Sunflower Oil
202,1.82,Transformer Oil
299.867,0.34,Cannabis Oil
253.545,0.438,Transformer Oil
234.98,1,Dershani Oil
383.032,0.148,Carrot seed Oil
226.316,0.331,Crude Oil
227.394,2.33,Transformer Oil
350.619,3.108,Sunflower Oil
230.485,1.817,Transformer Oil
233.909,1.25,Transformer Oil
481.293,0.47,Canola Oil
630.399,0.443,Canola Oil
238.646,0.059,Flaxseed Oil
353.687,0.234,Dershani Oil
300.034,0.031,Flaxseed Oil
246.091,0.381,Transformer Oil
388.768,0.163,Carrot seed Oil
260.727,0.471,Transformer Oil
308.348,0.055,Transformer Oil
218.121,2.82,Transformer Oil
323.203,0.386,Peppermint Oil
310.152,0.041,Transformer Oil
277.659,0.074,Sesame Oil
267.647,0.648,Peppermint Oil
382.392,0.005,Sesame Oil
358.929,0.123,Raspberry Oil
270.395,0.195,Refined Oil
204.838,0.855,Sunflower Oil
689.254,9.28E-04,Refined Oil
293.977,0.153,Transformer Oil
297.51,0.034,Sesame Oil
285.863,0.063,Sesame Oil
331.923,0.108,Coconut Oil
319.327,0.121,Carrot seed Oil
285.961,0.457,Dershani Oil
554.058,0.443,Sunflower Oil
283.741,0.07,Sesame Oil
799.781,0.002,Refined Oil
365.783,0.006,Sesame Oil
637.827,0.443,Sunflower Oil
230.719,1.623,Peppermint Oil
225.565,0.094,Flaxseed Oil
235.864,0.926,Transformer Oil
340.769,0.008,Sesame Oil
273.471,0.076,Sesame Oil
320.746,0.012,Sesame Oil
234.636,1.146,Transformer Oil
241.343,0.097,Sesame Oil
432.237,0.556,Refined Oil
385.832,0.867,Canola Oil
346.965,0.001,Flaxseed Oil
427.632,0.515,Refined Oil
228.545,2.143,Transformer Oil
359.845,0.006,Sesame Oil
504.952,1.515,Olive Oil
441.403,0.591,Sunflower Oil
413.89,0.004,Sesame Oil
208.666,2.496,Olive Oil
745.942,0.433,Sunflower Oil
327.545,0,Transformer Oil
333.941,0.002,Flaxseed Oil
328.818,0.168,Cannabis Oil
349.718,0.284,Dershani Oil
310.706,0.016,Flaxseed Oil
588.889,0.28,Peppermint Oil
315.025,0.28,Cannabis Oil
377.143,0.005,Sesame Oil
297.561,0.122,Transformer Oil
352.632,0.155,Crude Oil
225.091,2.654,Transformer Oil
240.482,0.054,Flaxseed Oil
395.559,0.005,Sesame Oil
330.155,0.003,Flaxseed Oil
254.909,0.442,Transformer Oil
276.286,0.576,Dershani Oil
431.499,2.728,Olive Oil
361.66,0.122,Carrot seed Oil
218.421,0.268,Refined Oil
264.706,0.841,Peppermint Oil
399.306,0.099,Coconut Oil
318.508,0.013,Sesame Oil
639.477,0.554,Olive Oil
419.079,0.382,Crude Oil
246.42,0.081,Sesame Oil
386.276,0.126,Orange Oil
765.132,9.28E-04,Crude Oil
267.791,0.076,Sesame Oil
285.118,0.047,Flaxseed Oil
204.838,0.908,Sunflower Oil
305.921,0.152,Refined Oil
227.939,2.235,Transformer Oil
663.411,1.303,Olive Oil
245.186,0.045,Flaxseed Oil
377.304,1.018,Canola Oil
734.801,0.433,Canola Oil
286.184,0.222,Crude Oil
326.359,0.122,Carrot seed Oil
507.895,0.246,Crude Oil
253.289,0.143,Crude Oil
719.858,0.05,Sunflower Oil
370.605,0.12,Raspberry Oil
314.32,0.013,Flaxseed Oil
236.265,0.109,Sesame Oil
225.221,0.097,Flaxseed Oil
280.743,1.842,Canola Oil
203.714,2.148,Olive Oil
282.478,0.073,Sesame Oil
250.327,1.755,Peppermint Oil
292.409,0.167,Transformer Oil
265.866,0.597,Dershani Oil
322.467,0.246,Raspberry Oil
297.453,0.035,Flaxseed Oil
278.404,1.493,Sunflower Oil
376.569,6.49E-04,Flaxseed Oil
256.273,0.456,Transformer Oil
237.964,1.071,Sunflower Oil
362.309,0.266,Orange Oil
341.265,2.535,Canola Oil
232.237,0.312,Refined Oil
247.826,0.04,Flaxseed Oil
657.634,0.881,Olive Oil
285.758,0.267,Transformer Oil
436.842,0.518,Crude Oil
236.096,0.842,Dershani Oil
419.742,0.004,Sesame Oil
227.86,0.085,Flaxseed Oil
312.045,0.032,Transformer Oil
418.627,0.289,Peppermint Oil
337.384,0.002,Flaxseed Oil
300.321,0.029,Sesame Oil
651.974,9.28E-04,Crude Oil
205.089,0.983,Canola Oil
320.318,0.01,Transformer Oil
242.547,0.05,Flaxseed Oil
223.934,1.156,Sunflower Oil
398.026,0.226,Crude Oil
239.908,0.055,Flaxseed Oil
209.491,1.082,Sunflower Oil
627.412,0.003,Refined Oil
236.364,0.871,Transformer Oil
354.832,0.14,Cannabis Oil
224.877,0.1,Flaxseed Oil
287.62,2.908,Canola Oil
335.577,0.727,Orange Oil
262.745,0.934,Peppermint Oil
306.285,0.316,Raspberry Oil
670.839,1.662,Olive Oil
302.751,3.678,Olive Oil
359.285,2.554,Sunflower Oil
293.494,0.04,Flaxseed Oil
295.497,0.127,Coconut Oil
235.136,1.033,Transformer Oil
309.221,0.251,Cannabis Oil
392.763,0.196,Crude Oil
301.833,0.104,Transformer Oil
369.601,1.847,Sunflower Oil
312.105,3.467,Canola Oil
307.544,0.673,Dershani Oil
307.263,0.022,Flaxseed Oil
277.315,0.05,Flaxseed Oil
346.768,2.141,Canola Oil
509.211,0.288,Refined Oil
200,1.114,Peppermint Oil
298.515,0.121,Transformer Oil
666.713,0.427,Canola Oil
350.522,0.001,Flaxseed Oil
710.454,0.438,Olive Oil
337.523,0.16,Raspberry Oil
398.83,0.004,Sesame Oil
384.457,1.245,Sunflower Oil
290.797,0.048,Sesame Oil
363.411,2.206,Sunflower Oil
394.636,0.755,Canola Oil
728.611,0.433,Sunflower Oil
287.298,0.058,Sesame Oil
242.794,0.591,Dershani Oil
659.43,0.003,Refined Oil
502.632,0.321,Crude Oil
417.418,8.44E-04,Flaxseed Oil
418.623,0.004,Sesame Oil
343.364,0,Transformer Oil
265.359,0.755,Peppermint Oil
513.072,0.298,Peppermint Oil
286.495,0.06,Sesame Oil
522.696,0.454,Sunflower Oil
614.718,0.443,Sunflower Oil
237.154,0.063,Flaxseed Oil
204.093,1.003,Sunflower Oil
484.868,0.529,Crude Oil
264.909,0.485,Transformer Oil
492.763,0.484,Crude Oil
450.658,0.674,Refined Oil
764.512,0.438,Sunflower Oil
228.97,2.059,Transformer Oil
353.508,2.934,Sunflower Oil
330.812,3.333,Canola Oil
202.424,1.869,Transformer Oil
209.03,2.491,Transformer Oil
391.96,0.122,Raspberry Oil
221.045,1.905,Olive Oil
308.97,0.043,Transformer Oil
208.559,0.595,Sunflower Oil
381.579,0.176,Refined Oil
332.851,0.008,Sesame Oil
386.173,0.133,Cannabis Oil
651.444,0.438,Sunflower Oil
259.644,0.036,Flaxseed Oil
274.837,0.443,Peppermint Oil
287.5,0.226,Refined Oil
406.536,0.309,Peppermint Oil
338.58,0.108,Coconut Oil
283.769,2.19,Olive Oil
332.709,0.187,Raspberry Oil
215.03,2.839,Transformer Oil
768.226,0.433,Canola Oil
406.575,0.004,Sesame Oil
493.948,0.466,Canola Oil
265.267,0.07,Sesame Oil
393.133,0.103,Dershani Oil
224.188,0.104,Flaxseed Oil
304.136,0.077,Transformer Oil
312.942,1.038,Orange Oil
301.342,0.61,Dershani Oil
302.788,0.027,Flaxseed Oil
299.561,0.12,Transformer Oil
399.556,0.194,Carrot seed Oil
466.988,2.422,Olive Oil
368.537,0.006,Sesame Oil
229.298,1.156,Olive Oil
467.538,0.477,Canola Oil
730.277,0.055,Dershani Oil
234.2,0.111,Sesame Oil
214.803,0.204,Refined Oil
318.773,0.013,Transformer Oil
250.12,0.069,Sesame Oil
204.838,0.962,Sunflower Oil
225.333,2.587,Transformer Oil
369.649,0.128,Carrot seed Oil
298.6,0.032,Sesame Oil
680.743,0.438,Sunflower Oil
294.932,0.149,Transformer Oil
293.38,0.394,Raspberry Oil
230.142,0.356,Sunflower Oil
209.758,2.585,Transformer Oil
305.875,0.135,Carrot seed Oil
257.516,1.427,Peppermint Oil
225.722,1.029,Canola Oil
419.828,8.44E-04,Flaxseed Oil
383.357,0.118,Raspberry Oil
289.88,0.051,Sesame Oil
297.136,0.135,Transformer Oil
248.916,0.073,Sesame Oil
288.721,3.05,Sunflower Oil
293.227,0.165,Transformer Oil
346.844,0.148,Cannabis Oil
276.11,0.073,Sesame Oil
230.499,0.077,Flaxseed Oil
264.787,1.272,Olive Oil
209.211,0.199,Crude Oil
223.041,0.116,Flaxseed Oil
210.867,1.113,Canola Oil
239.636,0.572,Transformer Oil
496.699,0.48,Sunflower Oil
266.644,0.043,Flaxseed Oil
448.684,0.587,Crude Oil
275.545,0.442,Transformer Oil
234.4,0.067,Flaxseed Oil
248.366,1.823,Peppermint Oil
342.366,3.383,Sunflower Oil
291.197,3.351,Olive Oil
313.591,0.022,Transformer Oil
620.129,0.057,Sunflower Oil
469.051,0.496,Sunflower Oil
360.39,0.001,Flaxseed Oil
386.429,0.099,Coconut Oil
301.061,0.165,Carrot seed Oil
388.17,0.118,Raspberry Oil
273.684,0.197,Crude Oil
279.917,1.293,Canola Oil
238.329,0.279,Sunflower Oil
213.816,0.17,Crude Oil
226.424,2.461,Transformer Oil
348.366,0.35,Peppermint Oil
270.332,0.642,Dershani Oil
287.183,0.046,Flaxseed Oil
336.81,0.008,Sesame Oil
511.184,0.199,Crude Oil
232.773,1.403,Transformer Oil
320.688,0.008,Flaxseed Oil
230.788,1.761,Transformer Oil
301.574,0.925,Orange Oil
317.523,0.113,Coconut Oil
227.648,1.441,Olive Oil
498.684,0.402,Crude Oil
799.342,0.003,Crude Oil
390.234,2.633,Olive Oil
230.061,1.88,Transformer Oil
257.464,0.033,Flaxseed Oil
485.294,0.298,Peppermint Oil
386.093,7.14E-04,Flaxseed Oil
304.953,0.085,Paraffin Oil
237.682,0.701,Transformer Oil
333.529,0.123,Carrot seed Oil
331.608,0.65,Dershani Oil
258.553,0.165,Refined Oil
589.959,0.491,Olive Oil
269.512,0.046,Flaxseed Oil
202.632,0.171,Crude Oil
252.288,1.686,Peppermint Oil
217.763,0.25,Crude Oil
496.711,0.434,Crude Oil
510.729,1.177,Olive Oil
595.568,0.065,Dershani Oil
320.829,0.219,Cannabis Oil
291.568,0.183,Transformer Oil
284.773,0.067,Sesame Oil
355.037,0.118,Carrot seed Oil
295.559,0.038,Flaxseed Oil
323.27,0.011,Sesame Oil
259.168,0.651,Dershani Oil
382.281,0.138,Orange Oil
300.658,0.167,Crude Oil
416.773,0.004,Sesame Oil
287.477,0.236,Transformer Oil
352.186,0.007,Sesame Oil
371.291,0.006,Sesame Oil
495.395,0.511,Refined Oil
322.558,2.707,Olive Oil
277.166,1.256,Sunflower Oil
339.065,2.735,Canola Oil
347.8,0.119,Carrot seed Oil
206.326,0.721,Sunflower Oil
355.959,0.329,Orange Oil
312.84,0.123,Carrot seed Oil
353.289,0.181,Refined Oil
359.477,0.33,Peppermint Oil
205.592,0.193,Refined Oil
402.613,2.939,Olive Oil
428.289,0.47,Crude Oil
298.684,0.187,Refined Oil
410.526,0.321,Crude Oil
223.529,1.332,Peppermint Oil
401.788,0.939,Sunflower Oil
499.175,1.81,Olive Oil
211.967,2.095,Olive Oil
360.935,2.401,Sunflower Oil
256.259,1.057,Canola Oil
282.478,0.049,Flaxseed Oil
215.543,1.24,Canola Oil
